index,id,name,type,color,img,quadX,quadY,w,h,anchorX,anchorY,altitude,pass,transparent,move_cost,flags,ground,frameNum,frameInterval,turnTo
number,str,str,str,str,str,number,number,number,number,number,number,number,bool,bool,number,flagstable,bool,number,number,link
D=ND,D=ND,UTF8,D=single,D=brown,D=ND,D=ND,D=ND,D=64,D=64,D=-1,D=0,D=0,D=TRUE,D=TRUE,D=0,,D=FALSE,D=1,D=0.2,L=blockID|D=nil
1,null,无,,,wall,4,1,,,,,,,,,,,,,
2,wall_rock,岩壁,wall,,wall,0,0,,,,6,,FALSE,FALSE,,,,,,
3,wall_concrete,墙壁,wall,,wall,5,0,,,,6,,FALSE,FALSE,,,,,,
4,wall_house1,墙壁,wall,,wall,10,0,,,,6,,FALSE,FALSE,,,,,,
5,wall_red_wood,墙壁,wall,,wall,15,0,,,,6,,FALSE,FALSE,,,,,,
6,wall_wood_house1,房屋墙壁,wall,,wall,0,3,,,,,,FALSE,FALSE,,,,,,
7,wall_red_brick,红砖墙,wall,,wall,5,3,,,,,,FALSE,FALSE,,,,,,
8,wall_wood_glass,墙壁,wall,,wall,10,3,,,,,,FALSE,FALSE,,,,,,
9,wall_marble,大理石墙,wall,,wall,15,3,,,,,,FALSE,FALSE,,,,,,
10,wall_wood_house2,木屋墙壁,wall,,wall,0,6,,,,,,FALSE,FALSE,,,,,,
11,wall_dirt1,土墙壁,wall,,wall,5,6,,,,,,FALSE,FALSE,,,,,,
12,wall_wood_house3,木墙,wall,,wall,10,6,,,,,,FALSE,FALSE,,,,,,
13,wall_house2,砖瓦墙,wall,,wall,15,6,,,,,,FALSE,FALSE,,,,,,
14,wall_desert,墙壁,wall,,wall,0,9,,,,,,FALSE,FALSE,,,,,,
15,wall_brick1,砖墙,wall,,wall,5,9,,,,,,FALSE,FALSE,,,,,,
16,wall_brick2,砖墙,wall,,wall,10,9,,,,,,FALSE,FALSE,,,,,,
17,wall_brick3,砖墙,wall,,wall,15,9,,,,,,FALSE,FALSE,,,,,,
18,wall_brick4,砖墙,wall,,wall,0,12,,,,,,FALSE,FALSE,,,,,,
19,wall_dirt2,土墙,wall,,wall,5,12,,,,,,FALSE,FALSE,,,,,,
20,wall_black_rock,黑岩壁,wall,,wall,10,12,,,,,,FALSE,FALSE,,,,,,
21,wall_brick5,砖墙,wall,,wall,15,12,,,,,,FALSE,FALSE,,,,,,
22,wall_sand,沙墙,wall,,wall,0,15,,,,,,FALSE,FALSE,,,,,,
23,wall_stone,石墙,wall,,wall,5,15,,,,,,FALSE,FALSE,,,,,,
24,wall_old1,古墙,wall,,wall,10,15,,,,,,FALSE,FALSE,,,,,,
25,wall_house3,砖瓦墙,wall,,wall,15,15,,,,,,FALSE,FALSE,,,,,,
26,wall_black,黑墙,wall,,wall,0,18,,,,,,FALSE,FALSE,,,,,,
27,wall_white,白墙,wall,,wall,5,18,,,,,,FALSE,FALSE,,,,,,
28,wall_ice1,冰砖,wall,,wall,10,18,,,,,,FALSE,FALSE,,,,,,
29,wall_ice2,深冰壁,wall,,wall,15,18,,,,,,FALSE,FALSE,,,,,,
30,wall_ice3,亮冰壁,wall,,wall,0,21,,,,,,FALSE,FALSE,,,,,,
31,wall_snow1,雪层壁,wall,,wall,5,21,,,,,,FALSE,FALSE,,,,,,
32,wall_snow2,雪砖壁,wall,,wall,10,21,,,,,,FALSE,FALSE,,,,,,
33,wall_snow3,雪冰砖壁,wall,,wall,15,21,,,,,,FALSE,FALSE,,,,,,
34,wall_brick6,砖墙,wall,,wall,0,24,,,,,,FALSE,FALSE,,,,,,
35,wall_tree,树墙,wall,,wall,5,24,,,,,,FALSE,FALSE,,,,,,
36,wall_brick7,砖墙,wall,,wall,10,24,,,,,,FALSE,FALSE,,,,,,
37,wall_brick8,砖墙,wall,,wall,15,24,,,,,,FALSE,FALSE,,,,,,
38,wall_old2,古墙,wall,,wall,0,27,,,,,,FALSE,FALSE,,,,,,
39,wall_strange,墙壁,wall,,wall,5,27,,,,,,FALSE,FALSE,,,,,,
40,wall_dilapidated,旧墙,wall,,wall,10,27,,,,,,FALSE,FALSE,,,,,,
41,wall_hut,草屋墙,wall,,wall,15,27,,,,,,FALSE,FALSE,,,,,,
42,wall_house4,墙壁,wall,,wall,0,30,,,,,,FALSE,FALSE,,,,,,
43,wall_city,城市墙壁,wall,,wall,5,30,,,,,,FALSE,FALSE,,,,,,
44,wall_grey1,灰墙壁,wall,,wall,10,30,,,,,,FALSE,FALSE,,,,,,
45,wall_grey2,灰墙壁,wall,,wall,15,30,,,,,,FALSE,FALSE,,,,,,
46,wall_old3,古墙,wall,,wall,0,33,,,,,,FALSE,FALSE,,,,,,
47,wall_snow_house,雪屋墙,wall,,wall,5,33,,,,,,FALSE,FALSE,,,,,,
48,wall_house5,墙壁,wall,,wall,10,33,,,,,,FALSE,FALSE,,,,,,
49,wall_factory,工厂墙,wall,,wall,15,33,,,,,,FALSE,FALSE,,,,,,
50,wall_dark1,苔藓墙,wall,,wall,0,36,,,,,,FALSE,FALSE,,,,,,
51,wall_dark2,黑暗墙壁,wall,,wall,5,36,,,,,,FALSE,FALSE,,,,,,
52,stairs_down1,向下台阶,,,block,0,0,,,,,,,,,STAIRS_DOWN,TRUE,,,
53,stairs_down2,向下台阶,,,block,1,0,,,,,,,,,STAIRS_DOWN,TRUE,,,
54,stairs_down3,向下台阶,,,block,2,0,,,,,,,,,STAIRS_DOWN,TRUE,,,
55,stairs_down4,向下台阶,,,block,3,0,,,,,,,,,STAIRS_DOWN,TRUE,,,
56,stairs_up5,向上台阶,,,block,4,0,,,,,,,,,STAIRS_UP,,,,
57,stairs_up1,向上台阶,,,block,5,0,,,,,,,,,STAIRS_UP,,,,
58,stairs_down5,向下台阶,,,block,6,0,,,,,,,,,STAIRS_DOWN,TRUE,,,
59,stairs_up2,向上台阶,,,block,7,0,,,,,,,,,STAIRS_UP,,,,
60,stairs_up4,向上台阶,,,block,8,0,,,,,,,,,STAIRS_UP,,,,
61,stairs_up3,向上台阶,,,block,9,0,,,,,,,,,STAIRS_UP,,,,
62,stairs_down_locked1,向下台阶(锁住),,,block,10,0,,,,,,,,,LOCKED,TRUE,,,stairs_down1
63,door_glass,玻璃门,,,block,0,2,,,,,,FALSE,,,DOOR_CLOSED,,,,door_glass_o
64,door_glass_o,玻璃门（打开）,,,block,1,2,,,,,,,,,DOOR_OPEN,,,,door_glass
65,door_auto1,自动门,,,block,2,2,,,,,,FALSE,,,DOOR_CLOSED,,,,door_auto1_o
66,door_auto1_o,自动门（打开）,,,block,3,2,,,,,,,,,DOOR_OPEN,,,,door_auto1
67,door_home,房门,,,block,4,2,,,,,,FALSE,FALSE,,DOOR_CLOSED,,,,door_home_o
68,door_home_locked,房门（锁住）,,,block,4,2,,,,,,FALSE,FALSE,,LOCKED,,,,door_home
69,door_home_o,房门（打开）,,,block,5,2,,,,,,,,,DOOR_OPEN,,,,door_home
70,door_auto2,自动门,,,block,6,2,,,,,,FALSE,FALSE,,DOOR_CLOSED,,,,door_auto2_o
71,door_auto2_o,自动门（打开）,,,block,7,2,,,,,,,,,DOOR_OPEN,,,,door_auto2
72,door_wood1,木门,,,block,8,2,,,,,,FALSE,FALSE,,DOOR_CLOSED,,,,door_wood1_o
73,door_wood1_locked,木门(锁住),,,block,8,2,,,,,,FALSE,FALSE,,LOCKED,,,,door_wood1
74,door_wood1_o,木门（打开）,,,block,9,2,,,,,,,,,DOOR_OPEN,,,,door_wood1
75,door_wood2,推拉门,,,block,10,2,,,,,,FALSE,FALSE,,DOOR_CLOSED,,,,door_wood2_o
76,door_wood2_o,推拉门(打开),,,block,11,2,,,,,,,,,DOOR_OPEN,,,,door_wood2
77,door_jail,铁栏门,,,block,12,2,,,,,,FALSE,,,DOOR_CLOSED,,,,door_jail_o
78,door_jail_locked,铁栏门(锁住),,,block,12,2,,,,,,FALSE,,,LOCKED,,,,door_jail
79,door_jail_o,铁栏门(打开),,,block,13,2,,,,,,,,,DOOR_OPEN,,,,door_jail
80,tramcar1,矿车,,,block,0,3,,,,,,FALSE,,,,,,,
81,tramcar2,矿车,,,block,1,3,,68,,,,FALSE,,,,,,,
82,tramcar3,矿车,,,block,2,3,,,,,,FALSE,,,,,,,
83,tramcar_empty,矿车（空）,,,block,3,3,,,,,,FALSE,,,,,,,
84,tramcar_rock,矿车（石头）,,,block,4,3,,,,,,FALSE,,,,,,,
85,tram_road_c,矿车转向轨道,,,block,7,3,,,,,,,,10,,TRUE,,,
86,tram_road_h,矿车轨道,,,block,8,3,,,,,,,,10,,TRUE,,,
87,tram road_v,矿车轨道,,,block,7,4,,,,,,,,10,,TRUE,,,
88,rock_m,石块,,,block,8,4,,,,,,,,50,,TRUE,,,
89,rock_big,大型石块,,,block,5,3,80,84,,20,,FALSE,FALSE,,,,,,
90,fence_v,栅栏,,,block,9,3,,96,,32,,FALSE,,,,,,,
91,fence_h,栅栏,,,block,10,3,,,,,,FALSE,,,,,,,
92,crystal1,水晶,,,block,10,4,,,,,,FALSE,,,,,,,
93,ground_decoration_gem,地面宝石装饰,,,block,2,4,,,,,,,,,,TRUE,,,
94,bollard,系船柱,,,block,3,4,,,,,,,,20,,TRUE,,,
95,parterre,花坛,,,block,4,4,,,,,,,,10,,TRUE,,,
96,magic_circle,魔法阵,,,block,13,3.5,96,96,,16,,,,,,TRUE,,,
97,cargo1,货物,,,block,0,5,,,,,,FALSE,,,,,,,
98,cargo2,货物,,,block,1,5,,,,,,FALSE,,,,,,,
99,cargo3,货物,,,block,0,6,,,,,,FALSE,,,,,,,
100,cargo4,货物,,,block,1,6,,,,,,FALSE,,,,,,,
101,cargo5,货物,,,block,2,6,,,,,,FALSE,,,,,,,
102,cargo6,货物,,,block,3,6,,,,,,FALSE,,,,,,,
103,cargo7,货物,,,block,0,7,,,,,,FALSE,,,,,,,
104,cargo8,货物,,,block,1,7,,,,,,FALSE,,,,,,,
105,fountain_wall,喷泉墙,anim,,block,2,5,,,,,,FALSE,FALSE,,,,2,0.3,
106,fish_table1,晾晒的鱼,,,block,2,7,,,,,20,,,80,,,,,
107,fish_table2,晾晒的鱼,,,block,3,7,,,,,20,,,80,,,,,
108,hanging_fish,晾晒的大鱼,,,block,0,8,,76,,,,,,90,,,,,
109,fishing_net,渔网,,,block,1,8,78,82,,9,,,,20,,TRUE,,,
110,status_double_angel,双天使像,,,block,2.5,8,68,96,36,,,FALSE,FALSE,,,,,,
111,pillar1,柱子,,,block,4,8,32,96,,,,FALSE,,,,,,,
112,billboard1,公告牌,,,block,4,5,,,,,,FALSE,,,,,,,
113,billboard2,公告牌,,,block,5,5,,,,,,FALSE,,,,,,,
114,billboard3,公告牌,,,block,6,5,,,,,,FALSE,,,,,,,
115,billboard4,公告牌,,,block,5,6,,,,,,FALSE,,,,,,,
116,billboard5,公告牌,,,block,6,6,,,,,,FALSE,,,,,,,
117,road_sign,路标,,,block,6,7,,,,,,FALSE,,,,,,,
118,bush1,灌木丛,,,block,17,4,,,,,,,,120,,,,,
119,bush2,灌木丛,,,block,18,4,,,,,,,,70,,TRUE,,,
120,bush3,灌木丛,,,block,19,4,,,,,,,,70,,TRUE,,,
121,grasscluster,草丛,,,block,9,5,,,,,,,,20,,TRUE,,,
122,grass1,草,,,block,10,5,,,,,,,,,,TRUE,,,
123,grass2,草,,,block,11,5,,,,,,,,,,TRUE,,,
124,grass3,草,,,block,12,5,,,,,,,,,,TRUE,,,
125,flower,花,,,block,13,5,,,,,,,,,,TRUE,,,
126,gallet1,碎石,,,block,14,5,,,,,,,,,,TRUE,,,
127,gallet2,碎石,,,block,15,5,,,,,,,,,,TRUE,,,
128,weed1,杂草,,,block,16,5,,,,,,,,,,TRUE,,,
129,weed2,杂草,,,block,17,5,,,,,,,,,,TRUE,,,
130,blossom1,花朵,,,block,18,5,,,,,,,,,,TRUE,,,
131,blossom2,花朵,,,block,19,5,,,,,,,,,,TRUE,,,
132,stone,石块,,,block,9,6,,,,,,,,10,,TRUE,,,
133,weed3,杂草,,,block,10,6,,,,,,,,,,TRUE,,,
134,vegetation1,植被,,,block,11,6,,,,,,,,,,TRUE,,,
135,vegetation2,植被,,,block,12,6,,,,,,,,,,TRUE,,,
136,vegetation3,植被,,,block,13,6,,,,,,,,,,TRUE,,,
137,vegetation4,植被,,,block,14,6,,,,,,,,,,TRUE,,,
138,blossom3,花朵,,,block,15,6,,,,,,,,30,,TRUE,,,
139,blossom4,花朵,,,block,16,6,,,,,,,,30,,TRUE,,,
140,blossom5,花朵,,,block,17,6,,,,,,,,120,,,,,
141,stone_snow,雪地石块,,,block,9,7,,,,,,,,30,,TRUE,,,
142,vegetation_snow1,雪地植被,,,block,10,7,,,,,,,,,,TRUE,,,
143,boulder,大石头,,,block,11,7,,,,,,,,60,,TRUE,,,
144,stump_snow,雪地树桩,,,block,12,7,,,,,,,,50,,TRUE,,,
145,vegetation_snow2,雪地植被,,,block,13,7,,,,,,,,,,TRUE,,,
146,blossom_snow1,雪地花朵,,,block,14,7,,,,,,,,,,TRUE,,,
147,vegetation_snow3,雪地植被,,,block,15,7,,,,,,,,,,TRUE,,,
148,ice_pool,结冰,,,block,16,7,,,,,,,,,,TRUE,,,
149,snowball1,雪块,,,block,17,7,,,,,,,,,,TRUE,,,
150,snowball2,雪块,,,block,18,7,,,,,,,,,,TRUE,,,
151,plant_snow1,雪地植物,,,block,9,8,,,,,,,,20,,TRUE,,,
152,plant_snow2,雪地植物,,,block,10,8,,,,,,,,20,,TRUE,,,
153,plant_snow3,雪地植物,,,block,11,8,,,,,,,,20,,TRUE,,,
154,road_snow1,盖雪石路,,,block,12,8,,,,,,,,,,TRUE,,,
155,road_snow2,盖雪石路,,,block,13,8,,,,,,,,,,TRUE,,,
156,road_snow3,盖雪石路,,,block,14,8,,,,,,,,,,TRUE,,,
157,road_snow4,盖雪石路,,,block,15,8,,,,,,,,,,TRUE,,,
158,road_snow5,盖雪石路,,,block,16,8,,,,,,,,,,TRUE,,,
159,road_snow6,盖雪石路,,,block,17,8,,,,,,,,,,TRUE,,,
160,flower_snow1,雪地花,,,block,9,9,,,,,,,,20,,TRUE,,,
161,flower_snow2,雪地花,,,block,10,9,,,,,,,,20,,TRUE,,,
162,flower_snow3,雪地花,,,block,11,9,,,,,,,,20,,TRUE,,,
163,bush_snow,雪地灌木,,,block,12,9,,,,,,,,80,,TRUE,,,
164,snow_pile,盖雪桩,,,block,13,9,,,,,,,,40,,TRUE,,,
165,snow_bridge,冰桥,,,block,14,9,,,,,,,,30,,TRUE,,,
166,snow_pillar,雪地柱,,,block,15,9,,72,,,,FALSE,,,,,,,
167,snow_big_rock,雪地大岩石,,,block,16,9,,80,,,,FALSE,,,,,,,
168,snow_dead_wood,盖雪枯木,,,block,17,9,,96,,20,,FALSE,,,,,,,
169,fruiter,果树,,,block,9.5,11,96,128,,,,FALSE,FALSE,,TREE,,,,
170,pine,杉树,,,block,11,11,96,128,,,,FALSE,FALSE,,TREE,,,,
171,withered_tree,枯树,,,block,12.5,11,96,128,,,,FALSE,,,TREE,,,,
172,tree3,树木,,,block,14,11,96,128,,,,FALSE,,,TREE,,,,
173,palm,棕榈树,,,block,15.5,10.5,96,160,,,,FALSE,,,TREE,,,,
174,tree2,树木,,,block,17,11,96,128,,,,FALSE,FALSE,,TREE,,,,
175,tree1,树木,,,block,18.5,11,96,128,,,,FALSE,FALSE,,TREE,,,,
176,sapling,小树,,,block,12.5,13.5,,96,,,,,,100,,,,,
177,christmas_tree,圣诞树,,,block,13.5,13,96,128,,,,FALSE,,,TREE,,,,
178,cactus,仙人掌,,,block,15,13.5,,96,,,,FALSE,FALSE,,,,,,
179,stump,树桩,,,block,16,14,,,,,,,,50,,,,,
180,pine_snow,雪地松树,,,block,17,13,96,128,,,,FALSE,FALSE,,TREE,,,,
181,withered_tree_snow,雪地枯树,,,block,18.5,13,96,128,,,,FALSE,,,TREE,,,,
182,table_lamp,台灯,,,block,16.5,15.5,32,96,,,,FALSE,,,,,,,
183,street_lamp_snow,雪地路灯,,,block,17.5,15.5,,128,,,,FALSE,,,,,,,
184,street_lamp,路灯,,,block,18.5,15.5,,128,,,,FALSE,,,,,,,
185,street_lamp_black,黑色路灯,,,block,19.5,15.5,32,128,,,,FALSE,,,,,,,
186,floorlamp_flower,花灯,,,block,17.5,17.5,32,96,,,,,,100,,,,,
187,floorlamp,落地灯,,,block,18,17.5,,96,,,,,,100,,,,,
188,candlestick,烛台,,,block,19,17.5,32,96,,,,,,70,,,,,
189,brazier,火盆柱,,,block,19.5,18,32,,,,,,,70,,,,,
190,lantern ,灯笼,,,block,19.5,17.5,32,32,,,,,,30,,,,,
191,pillar_lamp,柱灯,,,block,14.5,18,,,,,,FALSE,,,,,,,
192,pillar2,柱子,,,block,15.5,17,32,128,,,,FALSE,,,,,,,
193,pillar3,柱子,,,block,16,17,32,128,,,,FALSE,,,,,,,
194,pillar4,柱子,,,block,17,17,32,128,,,,FALSE,FALSE,,,,,,
195,pillar_broken,断柱,,,block,16.5,18,32,,,,,FALSE,,,,,,,
196,pillar_big,大柱子,,,block,15.5,19,,128,,,,FALSE,FALSE,,,,,,
197,pillar_cat,猫柱,,,block,17,19,,128,,,,FALSE,FALSE,,,,,,
198,bones_pile,骨堆,,,block,15.5,21,96,96,,,,FALSE,,,,,,,
199,balustrade_flower,鲜花栏杆,,,block,17.5,21.5,,,,,,FALSE,,,,,,,
200,bed1,普通的床,,,block,0,12,,96,,32,,,,80,,,,,
201,bed2,松软的床,,,block,1.5,12,,96,,32,,,,80,,,,,
202,bed3,舒适的床,,,block,3,12,,96,,32,,,,80,,,,,
203,bed4,高级的床,,,block,4.5,12,,96,,32,,,,80,,,,,
204,bed5,豪华的床,,,block,6,12,,96,,32,,,,80,,,,,
205,bed6,双人大床,,,block,7.5,12,80,96,,32,,,,80,,,,,
206,bed7,草席,,,block,0,14,,96,,32,,,,20,,,,,
207,bed8,地铺被褥,,,block,1.5,14,,96,,32,,,,50,,,,,
208,bed9,简陋的床,,,block,3,14,,96,,32,,,,80,,,,,
209,bed10,国王的床,,,block,4.5,14,96,100,,32,,,,120,,,,,
210,bed11,双层床,,,block,6.5,14,96,96,,,,,,160,,,,,
211,coffin,棺材,,,block,8.5,14,,96,,32,,,,70,,,,,
212,bed13,便宜的床,,,block,10,14,,96,,32,,,,80,,,,,
213,cabinet1,柜子,,,block,0,16,,,,,24,,,80,,,,,
214,cabinet2,柜子,,,block,1.5,16,,,,,24,,,80,,,,,
215,cabinet3,柜子,,,block,3,16,,,,,24,,,80,,,,,
216,shelf1,货架,,,block,4.5,16,,,,,32,,,100,,,,,
217,shelf2,货架,,,block,6,16,,,,,32,,,100,,,,,
218,cabinet4,柜子,,,block,7.5,16,,,,,38,,,120,,,,,
219,cabinet5,柜子,,,block,9,16,,,,,38,,,120,,,,,
220,cabinet6,柜子,,,block,10.5,16,,,,,46,,,150,,,,,
221,cabinet7,柜子,,,block,0,17.5,,,,,30,,,80,,,,,
222,cabinet8,柜子,,,block,1.5,17.5,,,,,30,,,80,,,,,
223,shelf3,货架,,,block,3,17.5,,,,,16,,,60,,,,,
224,shelf4,货架,,,block,4.5,17.5,,,,,16,,,60,,,,,
225,shelf5,货架,,,block,6,17.5,,,,,16,,,60,,,,,
226,counter,柜台,,,block,7.5,17.5,,,,,32,,,100,,,,,
227,cupboard,碗柜,,,block,9,17.5,,,,,34,,,100,,,,,
228,sink,水槽,,,block,10.5,17.5,,,,,34,,,120,,,,,
229,oven,烤箱,,,block,12,17.5,,,,,34,,,120,,,,,
230,cabinet9,柜子,,,block,0,19,,,,,46,,,150,,,,,
231,washer ,洗衣机,,,block,1.5,19,,,,,34,,,150,,,,,
232,dryer,烘干机,,,block,3,19,,,,,34,,,150,,,,,
233,wine_rack,酒架,,,block,4.5,19,,78,,,46,,,180,,,,,
234,deliver_box,收货箱,,,block,7.5,19,,,,,,FALSE,,,,,,,
235,salary_box,工资箱,,,block,9,19,,,,,,FALSE,,,,,,,
236,smelter,熔炼炉,,,block,0,21,,,,,,FALSE,,,,,,,
237,anvil,铁砧,,,block,1.5,21,,,,,,FALSE,,,,,,,
238,furnace1,火炉,,,block,3,21,,,,,,FALSE,,,,,,,
239,processor,加工机,,,block,4.5,20.5,,96,,,,FALSE,,,,,,,
240,hearth,灶台,,,block,6,20,72,128,,,,FALSE,,,,,,,
241,barbecue_grill,烤肉架,,,block,7.5,21,,,,,,FALSE,,,,,,,
242,kebab_table,肉串台,,,block,9,21,,,,,30,,,100,,,,,
243,stove1,灶台,,,block,10.5,20.5,,96,,,,FALSE,,,,,,,
244,stove2,灶台,anim,,block,12,20.5,96,96,32,,,FALSE,,,,,2,0.2,
245,refrigerator,冰箱,,,block,0,23,,96,,,,FALSE,FALSE,,,,,,
246,bookshelf1,书架,,,block,1.5,23,,96,,,,FALSE,FALSE,,,,,,
247,rack1,架子,,,block,3,23,,96,,,,FALSE,FALSE,,,,,,
248,chest1,抽屉柜,,,block,4.5,23,,96,,,,FALSE,FALSE,,,,,,
249,lock_chest1,锁柜,,,block,6,23,,96,,,,FALSE,FALSE,,,,,,
250,bookshelf2,书架,,,block,7.5,23,,96,,,,FALSE,FALSE,,,,,,
251,bookshelf3,书架,,,block,9,23,,96,,,,FALSE,FALSE,,,,,,
252,rack2,架子,,,block,10.5,23,,96,,,,FALSE,FALSE,,,,,,
253,chest2,抽屉柜,,,block,12,23,,96,,,,FALSE,FALSE,,,,,,
254,bookshelf4,书架,,,block,13.5,23,,96,,,,FALSE,FALSE,,,,,,
255,lock_chest2,锁柜,,,block,15,23,,96,,,,FALSE,FALSE,,,,,,
256,dish_rack,碗架,,,block,16.5,23,,104,,,,FALSE,FALSE,,,,,,
257,chest3,抽屉柜,,,block,18,23,,114,,,,FALSE,FALSE,,,,,,
258,bookshelf_broken1,破烂书架,,,block,0,24.5,,96,,,,FALSE,FALSE,,,,,,
259,bookshelf_broken2,破烂书架,,,block,1.5,24.5,,96,,,,FALSE,FALSE,,,,,,
260,rack3,柜子,,,block,3,24.5,,96,,,,FALSE,FALSE,,,,,,
261,chest4,抽屉柜,,,block,4.5,24.5,,96,,,,FALSE,FALSE,,,,,,
262,bookshelf5,书架,,,block,6,24.5,,96,,,,FALSE,FALSE,,,,,,
263,wardrobe1,衣橱,,,block,7.5,24.5,,96,,,,FALSE,FALSE,,,,,,
264,wardrobe2,衣橱,,,block,9,24.5,,96,,,,FALSE,FALSE,,,,,,
265,bookshelf6,大书架,,,block,10.5,24.5,96,96,,,,FALSE,FALSE,,,,,,
266,shelf_big,货架,,,block,12.5,24.5,96,96,,,,FALSE,FALSE,,,,,,
267,wardrobe,高级柜子,,,block,14.5,24.5,,110,,,,FALSE,FALSE,,,,,,
268,grocery_rack,架子,,,block,16.5,25,,128,,,,FALSE,FALSE,,,,,,
269,round_table1,圆桌,,,block,0,26.5,,,,,20,,,70,,,,,
270,round_table2,大圆桌,,,block,1.5,26.5,96,96,,32,,,,70,,,,,
271,round_table3,圆木桌,,,block,3.5,26.5,,,,,18,,,60,,,,,
272,table1,大木桌,,,block,5,26.5,96,96,,32,,,,60,,,,,
273,table2,木桌,,,block,7,26.5,,,,,16,,,50,,,,,
274,table3,木桌,,,block,8.5,26.5,,,,,24,,,50,,,,,
275,desk_chair,桌椅,,,block,10,26.5,,,,,,,,80,,,,,
276,table4,木桌,,,block,11.5,26.5,96,96,32,32,,,,70,,,,,
277,table5,木桌,,,block,13,26.5,96,96,32,32,16,,,70,,,,,
278,dining_table1,大餐桌,,,block,0,28,96,96,,32,,,,70,,,,,
279,dining_table2,餐桌,,,block,2,28,96,96,,32,,,,80,,,,,
280,dresser1,梳妆台,,,block,4,28,,96,,,,,,50,,,,,
281,dresser2,大梳妆台,,,block,5.5,28,96,96,,,,,,50,,,,,
282,desk1,工作桌,,,block,7.5,28,96,96,,,30,,,80,,,,,
283,throne,王座,,,block,0,29.5,,128,,32,,,,80,,,,,
284,stool1,凳子,,,block,1.5,29.5,32,32,,,,,,20,,,,,
285,stool2,凳子,,,block,2.5,29.5,32,32,,,,,,20,,,,,
286,stool3,凳子,,,block,1.5,30,32,32,,,,,,20,,,,,
287,stool4,凳子,,,block,2.5,30,32,32,,,,,,20,,,,,
288,stool5,凳子,,,block,1.5,30.5,32,32,,,,,,20,,,,,
289,chair1,十字椅子,,,block,1.5,31,32,,,,,,,50,,,,,
290,toilet,便器,,,block,2.5,30.5,32,,,,,,,50,,,,,
291,chair2,豪华椅子,,,block,3.5,29.5,,,,,16,,,60,,,,,
292,sofa1,沙发,,,block,3.5,30.5,,,,,16,,,60,,,,,
293,sofa2,豪华沙发,,,block,5,29.5,96,96,,,16,,,60,,,,,
294,bench1,长椅,,,block,7,29.5,96,,,,16,,,50,,,,,
295,sofa3,长沙发,,,block,9,29.5,96,,,,16,,,60,,,,,
296,chair3,椅子,,,block,11,29.5,,,,,,,,40,,,,,
297,chair4,椅子,,,block,12,29.5,,,,,,,,40,,,,,
298,chair5,木椅,,,block,13,29.5,,,,,,,,40,,,,,
299,bench2,长凳,,,block,14,29.5,32,96,,32,,,,30,,,,,
300,bench3,长凳,,,block,11,30.5,96,32,32,,16,,,30,,,,,
301,piano1,钢琴,,,block,0,32.5,,,,,,,,50,,,,,
302,piano2,大钢琴,,,block,1.5,32.5,96,96,,,,,,50,,,,,
303,altar,祭台,,,block,3.5,33,96,,,,26,,,80,,,,,
304,furnace2,火炉,,,block,5.5,32,96,128,,,,FALSE,,,,,,,
305,furnace3,火炉,,,block,7.5,31.5,96,160,,,,FALSE,,,,,,,
306,fireplace,暖炉,,,block,9.5,32,96,128,,,,FALSE,,,,,,,
307,gambling_table,赌桌,,,block,0,34,96,96,,24,,,,80,,,,,
308,slot_machine1,老虎机,,,block,2,34.5,32,,,,,,,50,,,,,
309,dartboard,飞镖靶,,,block,3,34,,96,,,,FALSE,,,,,,,
310,slot_machine2,老虎机,,,block,4.5,34.5,,,,,,FALSE,,,,,,,
311,bathtub,浴缸,,,block,6,34.5,96,,,,26,,,160,,,,,
312,toilet_wood,厕所,,,block,8,34,,96,,,,FALSE,FALSE,,,,,,
313,barrel,木桶,,,block,9.5,34.5,,,,,,FALSE,,,,,,,
314,barrel_snow,雪地木桶,,,block,11,34.5,,,,,,FALSE,,,,,,,
315,safebox,保险箱,,,block,11.5,31.5,,,,,,FALSE,,,LOCKED|CONTAINER,,,,safebox_o
316,safebox_o,保险箱(打开),,,block,13,31.5,,,,,,FALSE,,,CONTAINER,,,,
317,treasure_box,小宝箱,,,block,11.5,32.5,,96,,,,FALSE,,,LOCKED|CONTAINER,,,,treasure_box_o
318,treasure_box_o,小宝箱(打开),,,block,13,32.5,,96,,,,FALSE,,,CONTAINER,,,,
319,fountain,喷泉,anim,,block,0,36,96,96,,32,,,,220,,,3,0.15,
320,well1,井,,,block,4.5,36,96,96,,32,,,,180,,,,,
321,well2,井,,,block,6.5,36,96,96,,32,,,,180,,,,,
322,stone_platform,石台,,,block,8.5,35.5,96,,,,32,,,20,,,,,
323,stone_tablet1,石碑文,,,block,8.5,36.5,96,,,,,FALSE,,,,,,,
324,stone_tablet2,石碑,,,block,10.5,36,96,96,,,,FALSE,,,,,,,
325,cross_big,巨大十字架,,,block,12.5,34.5,96,192,,,,FALSE,,,,,,,
326,gravestone1,墓地,,,block,0,38,,,,,,,,30,,,,,
327,gravestone2,墓地,,,block,1,38,,,,,,,,30,,,,,
328,gravestone3,墓地,,,block,2,38,,,,,,,,30,,,,,
329,gravestone4,墓地,,,block,3,38,,,,,,,,30,,,,,
330,gravestone5,墓地,,,block,4,38,,,,,,,,30,,,,,
331,gravestone6,墓地,,,block,5,38,,,,,,,,50,,,,,
332,cross1,十字架,,,block,6.5,37.5,,96,,,,,,50,,,,,
333,gate1,山门,,,block,0,40.5,96,96,,,,,,10,,,,,
334,gate2,月门,,,block,2,39,96,192,,32,,,,20,,,,,
335,gate3,花门,,,block,4,39,96,192,,,,,,10,,,,,
336,gate4,山门,,,block,6,40,96,128,,,,,,10,,,,,
337,booth1,商铺,,,block,8,39.5,96,160,,32,,,,20,,,,,
338,booth2,商铺,,,block,10,39.5,96,160,,32,,,,20,,,,,
339,doorplate1,魔法店,,,block,0,42.5,,,,,,FALSE,FALSE,,,,,,
340,doorplate2,旅店,,,block,1,42.5,,,,,,FALSE,FALSE,,,,,,
341,doorplate3,装备店,,,block,2,42.5,,,,,,FALSE,FALSE,,,,,,
342,doorplate4,杂货店,,,block,1,43.5,,,,,,FALSE,FALSE,,,,,,
343,doorplate5,武器店,,,block,2,43.5,,,,,,FALSE,FALSE,,,,,,
344,doorplate6,药剂店,,,block,1,44.5,,,,,,FALSE,FALSE,,,,,,
345,doorplate7,食品店,,,block,2,44.5,,,,,,FALSE,FALSE,,,,,,
346,doorplate8,酒馆,,,block,1,45.5,,,,,,FALSE,FALSE,,,,,,
347,doorplate9,赌场,,,block,2,45.5,,,,,,FALSE,FALSE,,,,,,
